"ğŸ˜²How I Caught The Football With A Thrill?ğŸˆ|Tenge ğŸ‡ºğŸ‡¬ğŸ‡³ğŸ‡¬ #funnycat #catmemes #trending","https://www.youtube.com/watch?v=RhwItdJqibA"
"When God sends you a funny cat ğŸ¤£ Funniest cat ever ğŸ˜¹","https://www.youtube.com/watch?v=mD2rWEowr-w"
"Funny cats ğŸ˜‚ episode 143 #shorts","https://www.youtube.com/watch?v=2NShWweRMx4"
"Funny cat and dogs ğŸ˜‚ğŸ˜‚ episode 146 #cat #pet #cats #funny #shorts","https://www.youtube.com/watch?v=nEzxwuHPcGI"
"Daddy Fights Shark to Save a Kitten ğŸˆğŸ‘ŠğŸ¬ #ai #cat #catlover #story #cutecat #cute","https://www.youtube.com/watch?v=5WwVTuQmmkg"
"ğŸ¤“Let&#39;s Use Genius Hacks To Beat Exams!ğŸ“šğŸ’¡ #funnycat #catmemes #trending","https://www.youtube.com/watch?v=y-TPoprfP5g"
"Try Not To Laugh ğŸ¤£ New Funny Cats Video ğŸ˜¹ - MeowFunny Part 28","https://www.youtube.com/watch?v=kl5IMeu-UhU"
"Fears of Sonya&#39;s catğŸ±#cat #cats","https://www.youtube.com/watch?v=mHiMcv9Md84"
"Laugh Uncontrollably! Best Funny Cat Videos 2024","https://www.youtube.com/watch?v=1-qlCNPkK4Y"
"Funniest Animals ğŸ˜„ New Funny Cats and Dogs Videos ğŸ˜¹ğŸ¶","https://www.youtube.com/watch?v=on4cjx_RngU"
"POV: Cats Can Talk | not mine | #omgsocutecat","https://www.youtube.com/watch?v=oyKhNK4X1Ys"
"Love StoryğŸ’™ #cat #cats","https://www.youtube.com/watch?v=WwV1ikzS30k"
"You Laugh You Lose ğŸ˜ Funniest Cats and Dogs 2024 ğŸ˜¸ğŸ¶","https://www.youtube.com/watch?v=DggU7eR0bIM"
"Cute and funny cat ğŸ’“","https://www.youtube.com/watch?v=MwTSAGVdZp4"
"ğŸ’¡A Cool Hack For Uncomfortable Toileting!ğŸš½ğŸ¤­ #funnycat #catmemes #trending","https://www.youtube.com/watch?v=Aup-sTzZbmw"
"Boom,Scared me! #exlittlebeans #funny_cats #cat #funny_videos","https://www.youtube.com/watch?v=KId3r5dVwGk"
"ğŸ¥¹ #cat  #cats","https://www.youtube.com/watch?v=6U7gV7KDEOI"
"Never Try To Peel Off A Hangnail!ğŸ˜­ğŸ–ï¸ #funnycat #catmemes #trending","https://www.youtube.com/watch?v=fWJ9UtDoFzA"
"Funniest Videos 2022 ğŸ˜‚ Funny Cats ğŸ± #cute #cat #short #24","https://www.youtube.com/watch?v=agJ0CvXXNRo"
"Cats with a few Brain Cells","https://www.youtube.com/watch?v=O7zvj9GHg8M"
"Watch and TRY NOT TO LAUGH ğŸ¤£ Funny Cat Videos of 2024","https://www.youtube.com/watch?v=RsSVGV6RKvg"
"Cats with zero brain activity","https://www.youtube.com/watch?v=av4sEcTS8QA"
"Funny Cats ğŸ˜º","https://www.youtube.com/watch?v=MC3T2a0cjMc"
"funny cats ğŸ˜‚ episode 270 #shorts","https://www.youtube.com/watch?v=aIdUjfPdolc"
"What u do if phone drops in toilet?#cat #cute #kitten #funny #catlover #kitty","https://www.youtube.com/watch?v=RrdKGO012_Y"
"Funny Cat Fails | Funny Cat Compilation - FailArmy","https://www.youtube.com/watch?v=DHfRfU3XUEo"
"Funniest Cats And Dogs Videos ğŸ˜ - Best Funny Animal Videos 2024 ğŸ¥°#14","https://www.youtube.com/watch?v=VO0RqUFeMOM"
"ğŸ˜¹Cats Doing Cat ThingsğŸ˜¹ (3)","https://www.youtube.com/watch?v=3bhkYoMWTFE"
"The ginger kitten has ACNE?! ğŸ˜¿ #cat #cute","https://www.youtube.com/watch?v=JBs0iQcxbsk"
"Funny cat and dogs ğŸ˜‚ğŸ˜‚ episode 252 #shorts #funny #animal #cats","https://www.youtube.com/watch?v=1Fsnvo9QbvQ"
"Funny cats ğŸ˜‚ episode 219 #shorts","https://www.youtube.com/watch?v=TNMFRi3kRtQ"
"What Horrors Unfold When Magicâ€™s Secret Is Exposed?ğŸ˜± #funnycat #prank #magic","https://www.youtube.com/watch?v=LR17VF1gWTg"
"Compilation &quot;Funny Cats&quot;","https://www.youtube.com/watch?v=aW0nVQl0cn8"
"funny cat dancing","https://www.youtube.com/watch?v=bscK-NbILv0"
"ğŸ¥²ğŸ¥²ğŸ¥² #cat #cats","https://www.youtube.com/watch?v=QZHVhDjpEkE"
"ğŸ˜‚ Funniest Cats and Dogs Videos ğŸ˜ºğŸ¶ || ğŸ¥°ğŸ˜¹ Hilarious Animal Compilation â„–357","https://www.youtube.com/watch?v=FTSM9n58GW4"
"It&#39;s Time To Protect Our Rivers From Pollution!ğŸï¸ğŸ… #funnycat #catmemes #trending","https://www.youtube.com/watch?v=lN_tkXHtUiQ"
"Now we have cat math #shorts #funny #cat","https://www.youtube.com/watch?v=imDyudNO8Y8"
"They finally got married PART 6 #cat #cute #russia #america #aicat #funny #love","https://www.youtube.com/watch?v=Op3NJrb3mFg"
"Funniest Cats ğŸ˜¹ - Don&#39;t try to hold back Laughter ğŸ˜‚ - The Pet Collective","https://www.youtube.com/watch?v=CuD_rmFG2bY"
"Funny cat and dogs ğŸ˜‚ğŸ˜‚ episode 461 #cat #funny #pets #dog #shorts","https://www.youtube.com/watch?v=5k2Tr96MjTg"
"Funny AnimalsğŸ¦† #27","https://www.youtube.com/watch?v=YAEBsmie_SA"
"#exlittlebeans is homemade braised fish  #funnycat #cooking","https://www.youtube.com/watch?v=OaayFFwLnlY"
"Funny cats ğŸ˜‚ episode 202 #shorts","https://www.youtube.com/watch?v=cGsr91Qx4YQ"
"funny cats ğŸ˜‚ episode 259 #shorts","https://www.youtube.com/watch?v=bByI4jaISCE"
"Funny Cats ğŸ˜¹ episode 571 #shorts","https://www.youtube.com/watch?v=L-1C0WBAEMg"
"The Weirdest Cat In The World ğŸ±ğŸ¤£ Funny Cat Videos of 2024","https://www.youtube.com/watch?v=iv2IspAYMFI"
"Cats Being Cats #funnycats #laughoutloud  #catvideos","https://www.youtube.com/watch?v=TAo_CHchVnM"
"daily life of a catğŸ˜‚ #fy # #fypã‚· #foryourpage #trend #funny #cats #cat #shorts #shortsfeed #lol","https://www.youtube.com/watch?v=xYPWcrhtMvU"
"funny and cute cats #shortvideo #shorts","https://www.youtube.com/watch?v=mGrCV73lBZ0"