"Funny AnimalsğŸ¦† #27","https://www.youtube.com/watch?v=YAEBsmie_SA"
"Funny cat and dogs ğŸ˜‚ğŸ˜‚ episode 146 #cat #pet #cats #funny #shorts","https://www.youtube.com/watch?v=nEzxwuHPcGI"
"Nonomen funny videoğŸ˜‚ğŸ˜‚ğŸ˜‚ The Funniest Instagram DM Challenge!","https://www.youtube.com/watch?v=Ew7T0clzCqQ"
"Trying not to laugh! ğŸ¤£ğŸ¤£ (4k memes) #shorts.  click the blue Join button to support my animations","https://www.youtube.com/watch?v=sxmTTS4qros"
"Try not to LAUGH ğŸ˜‹","https://www.youtube.com/watch?v=IGaTcA3Y-CY"
"Cute Cat Becomes a GiantğŸ˜­ #cat","https://www.youtube.com/watch?v=tpBTYun694c"
"Iâ€™m getting dizzy just watching this!! ğŸ¤£ #fail #fall #funny #afv","https://www.youtube.com/watch?v=kkM_2z6nXzA"
"TRY NOT TO LAUGH #5 ğŸ˜„","https://www.youtube.com/watch?v=HGl_ujkFHEc"
"Cat in blender ğŸ’” #shorts #cat #viralvideo #story","https://www.youtube.com/watch?v=ul-95B8ZQF0"
"Funny animals 2023ğŸ˜† - Funniest Cats and Dogs VideoğŸ•ğŸˆ192 #shorts","https://www.youtube.com/watch?v=B60Li1SO9QY"
"ISSEI funny video ğŸ˜‚ğŸ˜‚ğŸ˜‚ New Meme Remix","https://www.youtube.com/watch?v=QGhyVqC1sWA"
"ISSEI funny video ğŸ˜‚ğŸ˜‚ğŸ˜‚ #shorts","https://www.youtube.com/watch?v=kMAoBGDzAG8"
"TRY NOT TO LAUGH ğŸ˜‚","https://www.youtube.com/watch?v=B_0fYrKSnnM"
"Fears of Sonya&#39;s catğŸ±#cat #cats","https://www.youtube.com/watch?v=mHiMcv9Md84"
"ISSEI funny video ğŸ˜‚ğŸ˜‚ğŸ˜‚ Funny effects!","https://www.youtube.com/watch?v=N4z5YRdjJQ4"
"Banana 2!! (4k memes)","https://www.youtube.com/watch?v=eQqdkEU_bng"
"cute cat was taken awayğŸ’¥#cutecat #catlover #catvideos","https://www.youtube.com/watch?v=zAxIZvDFkzk"
"Funny animals 2023ğŸ˜† - Funniest Cats and Dogs VideoğŸ•ğŸˆ201 #shorts","https://www.youtube.com/watch?v=Hd-ApDY9vfQ"
"Silly Cats with Human Mouths","https://www.youtube.com/watch?v=OpB_GvoAqg8"
"My Talking tom RIPğŸ˜­ğŸ˜­ğŸ˜­ğŸ˜­","https://www.youtube.com/watch?v=HDYA7EFAyWQ"
"Sagawa1gou funny video ğŸ˜‚ğŸ˜‚ğŸ˜‚ | SAGAWA Best Shorts 2023 #shorts","https://www.youtube.com/watch?v=I48TMLPXIbQ"
"Funny Moment #shorts","https://www.youtube.com/watch?v=TXm2WTVYFTo"
"Sagawa1gou funny video ğŸ˜‚ğŸ˜‚ğŸ˜‚ | SAGAWA Best Shorts 2023 #shorts","https://www.youtube.com/watch?v=P_1-Cpo1P0A"
"Tom and Jerry ğŸ¤­ #shorts #funny","https://www.youtube.com/watch?v=MUYyOdFZFm0"
"Another helicopter helicopter ğŸ¤£ğŸ˜‚ğŸ¤£ please sub on my YouTube channel for more","https://www.youtube.com/watch?v=5BjMwac6PZ0"
"My Dog Has a Pure Heart ğŸ¥º #shorts #dog","https://www.youtube.com/watch?v=9biWC3pKzE0"
"Funny Video ğŸ¤£ for you ğŸ˜ #shorts #funnyvideo #memes","https://www.youtube.com/watch?v=16sKnFEPfzY"
"When God sends you a funny cat ğŸ¤£ Funniest cat ever ğŸ˜¹","https://www.youtube.com/watch?v=mD2rWEowr-w"
"Cat in blender Part 3 ğŸ’” #shorts #cat #viralvideo #story","https://www.youtube.com/watch?v=DIBv-bsZwN8"
"Funniest Cats ğŸ˜¹ - Don&#39;t try to hold back Laughter ğŸ˜‚ - The Pet Collective","https://www.youtube.com/watch?v=CuD_rmFG2bY"
"Funny Cute Cat Videos 2023 #shorts #youtubeshorts #ytshorts @boxtoxtv @awwanimals â€@Animals.House.Â ","https://www.youtube.com/watch?v=aSMVoKeEOsE"
"the most funny things in the world","https://www.youtube.com/watch?v=rClv9uh2M8Y"
"Funny CatsğŸ˜€#shorts","https://www.youtube.com/watch?v=iNGogntQrN0"
"Love StoryğŸ’™ #cat #cats","https://www.youtube.com/watch?v=WwV1ikzS30k"
"Dads are fun than mums(4k memes) #bingchilling","https://www.youtube.com/watch?v=_4wzIHt4HEE"
"Sagawa1gou funny video ğŸ˜‚ğŸ˜‚ğŸ˜‚ | SAGAWA Best Shorts 2022 #shorts","https://www.youtube.com/watch?v=bb2M-8Rrmjs"
"Funny cats scared of cucumbers ğŸ˜‚ cat vs cucumber compilation  Gatos VS pepinos","https://www.youtube.com/watch?v=w8FCXZa3Bxg"
"Funniest Cats And Dogs Videos ğŸ˜‚ - Best Funny Animal Videos 2023 ğŸ˜… #2","https://www.youtube.com/watch?v=obbk6TL0nhE"
"TRY NOT TO LAUGH ğŸ˜„","https://www.youtube.com/watch?v=ssGJMXdl3aQ"
"guessthefood! ğŸ¤£ğŸ¤£(4k memes)  #shorts        click the blue Join button to support my animations","https://www.youtube.com/watch?v=EkjeqpDx_8w"
"CR7 fans in Qatar world cup!ğŸ¤£ğŸ¤£(4k memes)  #suiiii #Ronaldo  #Qatar #wordcup","https://www.youtube.com/watch?v=32g57_pqhvs"
"When you buy new shoes part 2!! ğŸ¤£ğŸ¤£(4k memes)","https://www.youtube.com/watch?v=kB-B9XZd8ec"
"Mentos &amp; Coca-Cola take out Peppa Pig&#39;s family ğŸ¥¤ #peppapig #mentos  #cocacola","https://www.youtube.com/watch?v=BPQd11dfU64"
"MEOW~ So Funny! Funniest Cats and Dogs 2023 ğŸ˜ºğŸ¶","https://www.youtube.com/watch?v=61BANUR6R4s"
"Funniest Videos 2022 ğŸ˜‚ Funny Cats ğŸ± #cute #cat #short #24","https://www.youtube.com/watch?v=agJ0CvXXNRo"
"mercuri_88 New tiktok compilation|Æ¬Æ¦Ğ„ÆÆŠÆ–ÆÆ“ Æ Æ Æ¬Æ–Æ˜Æ¬Æ Æ˜","https://www.youtube.com/watch?v=LFfE9QsGHj0"
"TikTok hay - c122  #shorts #tiktok #xuhuong","https://www.youtube.com/watch?v=7TmWhy3aj30"
"The FUNNIEST Animal Shorts Ever!","https://www.youtube.com/watch?v=fZBf07NkxsI"
"Most Viral Cats of the Internet | FUNNIEST videos ğŸ˜‚","https://www.youtube.com/watch?v=-YO14FM76lY"
"Will you forgive apple cat? #animation #bananacat","https://www.youtube.com/watch?v=PrvQ3w9Oam0"